-- PRISM Normative Database Seed
-- prism_norms.db (SQLite — Layer 3, DQMA only)
--
-- PURPOSE: Provides the DQMA with two things:
--   1. Segment registry — IDs, names, party blocks, population shares
--   2. ROI normative priors — cross-study mean/std per segment
--      used for Bayesian shrinkage and early-phase routing
--
-- What is NOT here:
--   Typing tool centroid matrices and Z-score parameters live in
--   prism_typing_tool.sql (Layer 1 — survey platform, not DQMA)
--
-- Population shares: validated PRISM national sample
-- ROI priors: backfilled from 8-10 completed studies (ESI, MA, GLP1,
--   PREG, VAX, VICP, AL waves), converted from raw 0-100 scale to
--   mean-anchored index (1.0 = cross-segment average = 32.91 raw)
--
-- DO NOT EDIT MANUALLY — regenerate from source data

PRAGMA foreign_keys = ON;

-- ── SEGMENT REGISTRY ──────────────────────────────────────────────────────────
CREATE TABLE IF NOT EXISTS segments (
    segment_id          INTEGER PRIMARY KEY,
    abbreviation        TEXT    NOT NULL,
    full_name           TEXT    NOT NULL,
    party_block         TEXT    NOT NULL CHECK (party_block IN ('GOP','DEM')),
    pop_share           REAL    NOT NULL  -- validated national population share
);

INSERT INTO segments VALUES
    (1, 'TSP', 'Trust-the-Science Pragmatists', 'GOP', 0.02404566),
    (2, 'CEC', 'Consumer Empowerment Champions', 'GOP', 0.064877912),
    (3, 'TC', 'Traditional Conservatives', 'GOP', 0.056711461),
    (4, 'HF', 'Health Futurist', 'GOP', 0.022684585),
    (5, 'PP', 'Price Populists', 'GOP', 0.024499351),
    (6, 'WE', 'Wellness Evangelists', 'GOP', 0.09119203),
    (7, 'PFF', 'Paleo Freedom Fighters', 'GOP', 0.042647019),
    (8, 'HHN', 'Holistic Health Naturalists', 'GOP', 0.02676781),
    (9, 'MFL', 'Medical Freedom Libertarians', 'GOP', 0.050359778),
    (10, 'VS', 'Vaccine Skeptics', 'GOP', 0.049906086),
    (11, 'UCP', 'Universal Care Progressives', 'DEM', 0.109261662),
    (12, 'FJP', 'Faith & Justice Progressives', 'DEM', 0.102159654),
    (13, 'HCP', 'Health Care Protectionists', 'DEM', 0.078122088),
    (14, 'HAD', 'Health Abundance Democrats', 'DEM', 0.083585171),
    (15, 'HCI', 'Health Care Incrementalists', 'DEM', 0.070473772),
    (16, 'GHI', 'Global Health Institutionalists', 'DEM', 0.102705962);

-- ── ROI NORMATIVE PRIORS ──────────────────────────────────────────────────────
-- Cross-study ROI priors per segment.
-- roi_mean: mean-anchored index (1.0 = cross-segment average)
-- roi_std:  standard deviation of ROI index across completed studies
-- n_studies: number of completed studies contributing to this prior
-- n_total: total respondents across all contributing studies
-- Source: backfilled from prism_norms.db (pre-typing-tool-update data),
--         segment IDs remapped to new canonical numbering.

CREATE TABLE IF NOT EXISTS segment_roi_norms (
    segment_id  INTEGER PRIMARY KEY REFERENCES segments(segment_id),
    roi_mean    REAL    NOT NULL DEFAULT 1.0,
    roi_std     REAL    NOT NULL DEFAULT 0.3,
    n_studies   INTEGER NOT NULL DEFAULT 0,
    n_total     INTEGER NOT NULL DEFAULT 0,
    updated_at  TEXT    NOT NULL DEFAULT (datetime('now'))
);

INSERT INTO segment_roi_norms (segment_id, roi_mean, roi_std, n_studies, n_total) VALUES
    (1, 0.9924, 0.6585, 9, 349),
    (2, 1.0961, 0.6541, 10, 606),
    (3, 1.0718, 0.6314, 9, 445),
    (4, 0.9671, 0.655, 9, 215),
    (5, 1.0326, 0.5985, 9, 386),
    (6, 1.0159, 0.5929, 9, 555),
    (7, 0.9357, 0.6021, 9, 353),
    (8, 0.8935, 0.6336, 9, 554),
    (9, 1.0144, 0.6064, 8, 542),
    (10, 0.9149, 0.6233, 9, 350),
    (11, 1.0505, 0.658, 8, 580),
    (12, 0.9868, 0.6229, 9, 685),
    (13, 1.0114, 0.6321, 9, 588),
    (14, 1.0066, 0.6099, 10, 455),
    (15, 0.9156, 0.6113, 9, 500),
    (16, 1.0945, 0.656, 9, 488);

-- ═══════════════════════════════════════════════════════════════════════════
-- TYPING TOOL PARAMETERS
-- Source: Revised Typing Tool sheet (PRISM_Master_Specs_03_29_26.xlsx)
-- This sheet is CANONICAL. Discrepancies elsewhere are errors.
-- Loaded into same prism_norms.db as DQMA data above.
-- ═══════════════════════════════════════════════════════════════════════════

-- ── TYPING ITEMS ──────────────────────────────────────────────────────────────
CREATE TABLE IF NOT EXISTS typing_items (
    item_id     TEXT    PRIMARY KEY,
    battery     TEXT    NOT NULL CHECK (battery IN ('GOP','DEM')),
    item_type   TEXT    NOT NULL CHECK (item_type IN ('bw_item','attitude_vector')),
    item_order  INTEGER NOT NULL,
    item_text   TEXT    NOT NULL,
    scale_min   REAL    NOT NULL,
    scale_max   REAL    NOT NULL,
    mu          REAL    NOT NULL,
    sigma       REAL    NOT NULL
);

INSERT INTO typing_items VALUES
    ('zDEM1','DEM','bw_item',1,'Tech and data can improve care, but only if we stop bias, protect privacy, and provide benefits fairly.',-4,4,-0.601976,1.5901452),
    ('zDEM2','DEM','bw_item',2,'I trust mainstream experts and prefer step-by-step fixes—strengthening the ACA, not ripping it up.',-4,4,-0.31771,1.9044318),
    ('zDEM3','DEM','bw_item',3,'Digital tools, AI, and start-ups can universalize care faster than big bureaucracies—let''s remove red tape.',-4,4,-1.690651,1.8092854),
    ('zDEM4','DEM','bw_item',4,'Corporate greed hurts ordinary people. Government must crack down on prices, ads, and junk food.',-4,4,0.128199,1.8516394),
    ('zDEM5','DEM','bw_item',5,'Healthcare is a human right. We need Medicare-for-All or something very close to it.',-4,4,1.596402,1.9587788),
    ('zDEM6','DEM','bw_item',6,'Unions fought for good coverage. Policy should protect employer benefits and bargaining power.',-4,4,0.095769,1.6803476),
    ('zDEM7','DEM','bw_item',7,'Racism and inequality drive poor health. Equity must be built into every health decision and budget.',-4,4,0.370408,1.7644102),
    ('zDEM8','DEM','bw_item',8,'Reproductive freedom—including abortion access—is non-negotiable and central to health policy.',-4,4,0.965797,1.8620971),
    ('zDEM9','DEM','bw_item',9,'My faith calls me to fight for the poor and for broader access—especially in under-served communities.',-4,4,-1.03699,2.1603603),
    ('zDEM10','DEM','bw_item',10,'Climate change is a public-health emergency. Clean energy and environmental justice are health policy.',-4,4,0.490752,1.8040342),
    ('vector_justice','DEM','attitude_vector',11,'The federal government should invest extra funds in communities of color that have suffered historic health injustices, even if it means higher taxes',1,7,4.868184,1.5152158),
    ('vector_industry','DEM','attitude_vector',12,'Big corporations have too much influence over public health policies',1,7,5.495869,1.3157188),
    ('zGOP1','GOP','bw_item',1,'Government should stay small but defend marriage, family life, and personal responsibility.',-4,4,0.22251018141429127,1.7884063029969295),
    ('zGOP2','GOP','bw_item',2,'Big pharma and big agribusiness can''t be trusted; local food and local control are healthier.',-4,4,0.03461680858941127,1.540211289376177),
    ('zGOP3','GOP','bw_item',3,'Drug and hospital prices are crushing people. I don''t care who fixes it—just bring costs down.',-4,4,0.4763050721954818,1.8624952478533843),
    ('zGOP4','GOP','bw_item',4,'Small-town hospitals keep closing. Government must improve access to care for rural America.',-4,4,-0.07663828211773417,1.7029044832788276),
    ('zGOP5','GOP','bw_item',5,'Vaccines are unsafe, full stop. No one should be forced or pressured to take them.',-4,4,-0.9877823028507933,2.12710327561195),
    ('zGOP6','GOP','bw_item',6,'My body, my choice—whether mandates, supplements, or experimental drugs. Government should butt out.',-4,4,0.026841910403554235,1.9012419528662188),
    ('zGOP7','GOP','bw_item',7,'Modern medicine ignores the whole person. Natural and alternative therapies deserve equal respect and coverage.',-4,4,-0.3754165124028143,1.9079276679385357),
    ('zGOP8','GOP','bw_item',8,'Clean, whole-food living—not pills—keeps us healthy. The system ignores it because there''s no profit in it.',-4,4,0.619955572010366,1.7872788349944497),
    ('zGOP9','GOP','bw_item',9,'Human beings thrive on meat-heavy, low-carb diets. Government guidelines are junk science.',-4,4,-0.8511662347278781,1.775615951589636),
    ('zGOP10','GOP','bw_item',10,'We must protect U.S. patients, workers, and supply chains first. Foreign competition and immigration come second.',-4,4,0.7765642354683463,1.8287806397818969),
    ('zGOP11','GOP','bw_item',11,'Free markets work best, but I defer to FDA and CDC experts on safety and innovation.',-4,4,-0.3909663087745273,1.902661831041164),
    ('zGOP12','GOP','bw_item',12,'Competition—private insurance, transparent prices, fewer rules—is the key to cheaper, better care.',-4,4,0.5251758607922995,1.797109123097628);

-- ── CENTROIDS ─────────────────────────────────────────────────────────────────
CREATE TABLE IF NOT EXISTS typing_centroids (
    item_id     TEXT    NOT NULL,
    segment_id  INTEGER NOT NULL,
    centroid    REAL    NOT NULL,
    PRIMARY KEY (item_id, segment_id)
);

INSERT INTO typing_centroids VALUES
    ('zDEM1', 11, -0.5135),
    ('zDEM1', 12, -0.1429),
    ('zDEM1', 13, -0.3291),
    ('zDEM1', 14, 0.544),
    ('zDEM1', 15, 0.9293),
    ('zDEM1', 16, -0.3204),
    ('zDEM2', 11, -0.039),
    ('zDEM2', 12, -0.8206),
    ('zDEM2', 13, -0.544),
    ('zDEM2', 14, 0.1583),
    ('zDEM2', 15, 0.6292),
    ('zDEM2', 16, 0.8164),
    ('zDEM3', 11, -0.4356),
    ('zDEM3', 12, -0.3798),
    ('zDEM3', 13, -0.3126),
    ('zDEM3', 14, 1.1914),
    ('zDEM3', 15, 0.6485),
    ('zDEM3', 16, -0.4382),
    ('zDEM4', 11, 0.4891),
    ('zDEM4', 12, -0.5913),
    ('zDEM4', 13, 0.7544),
    ('zDEM4', 14, 0.2422),
    ('zDEM4', 15, -0.1966),
    ('zDEM4', 16, -0.7195),
    ('zDEM5', 11, 0.5194),
    ('zDEM5', 12, 0.2926),
    ('zDEM5', 13, 0.2316),
    ('zDEM5', 14, 0.1168),
    ('zDEM5', 15, -1.3929),
    ('zDEM5', 16, 0.1419),
    ('zDEM6', 11, -0.1269),
    ('zDEM6', 12, -0.1611),
    ('zDEM6', 13, 0.5696),
    ('zDEM6', 14, -0.2886),
    ('zDEM6', 15, -0.2956),
    ('zDEM6', 16, 0.2223),
    ('zDEM7', 11, 0.257),
    ('zDEM7', 12, 0.8708),
    ('zDEM7', 13, -0.2005),
    ('zDEM7', 14, -0.5704),
    ('zDEM7', 15, -0.3712),
    ('zDEM7', 16, -0.1654),
    ('zDEM8', 11, 0.4032),
    ('zDEM8', 12, -0.1316),
    ('zDEM8', 13, 0.0902),
    ('zDEM8', 14, -0.9386),
    ('zDEM8', 15, -0.1134),
    ('zDEM8', 16, 0.547),
    ('zDEM9', 11, -0.7075),
    ('zDEM9', 12, 1.0908),
    ('zDEM9', 13, -0.1312),
    ('zDEM9', 14, 0.2406),
    ('zDEM9', 15, 0.0411),
    ('zDEM9', 16, -0.5795),
    ('zDEM10', 11, 0.1626),
    ('zDEM10', 12, -0.2097),
    ('zDEM10', 13, -0.1184),
    ('zDEM10', 14, -0.7095),
    ('zDEM10', 15, 0.2866),
    ('zDEM10', 16, 0.5285),
    ('vector_justice', 11, 0.7218),
    ('vector_justice', 12, 0.4355),
    ('vector_justice', 13, -0.4757),
    ('vector_justice', 14, -0.3332),
    ('vector_justice', 15, -0.4753),
    ('vector_justice', 16, 0.2212),
    ('vector_industry', 11, 0.7961),
    ('vector_industry', 12, 0.1727),
    ('vector_industry', 13, 0.0062),
    ('vector_industry', 14, -0.267),
    ('vector_industry', 15, -0.5004),
    ('vector_industry', 16, -0.0547),
    ('zGOP1', 1, 0.2),
    ('zGOP1', 2, 0.0096),
    ('zGOP1', 3, 0.9146),
    ('zGOP1', 4, -0.1336),
    ('zGOP1', 5, -0.6956),
    ('zGOP1', 6, 0.5846),
    ('zGOP1', 7, 0.4648),
    ('zGOP1', 8, -0.2554),
    ('zGOP1', 9, -0.739),
    ('zGOP1', 10, -0.8787),
    ('zGOP2', 1, -0.0608),
    ('zGOP2', 2, 0.0308),
    ('zGOP2', 3, -0.5647),
    ('zGOP2', 4, 0.0053),
    ('zGOP2', 5, 0.7257),
    ('zGOP2', 6, -0.0362),
    ('zGOP2', 7, 0.0185),
    ('zGOP2', 8, -0.4401),
    ('zGOP2', 9, 0.1704),
    ('zGOP2', 10, 0.6758),
    ('zGOP3', 1, -0.0633),
    ('zGOP3', 2, 0.67),
    ('zGOP3', 3, -0.4791),
    ('zGOP3', 4, -0.3529),
    ('zGOP3', 5, 0.712),
    ('zGOP3', 6, -0.2058),
    ('zGOP3', 7, -0.5104),
    ('zGOP3', 8, -0.4564),
    ('zGOP3', 9, 0.3953),
    ('zGOP3', 10, 0.0561),
    ('zGOP4', 1, 0.8912),
    ('zGOP4', 2, 0.4863),
    ('zGOP4', 3, -0.2283),
    ('zGOP4', 4, 0.1686),
    ('zGOP4', 5, 0.9888),
    ('zGOP4', 6, -0.7418),
    ('zGOP4', 7, -0.9072),
    ('zGOP4', 8, 0.1943),
    ('zGOP4', 9, -0.1989),
    ('zGOP4', 10, -0.4581),
    ('zGOP5', 1, 0.1561),
    ('zGOP5', 2, -0.7521),
    ('zGOP5', 3, -0.6867),
    ('zGOP5', 4, 0.6036),
    ('zGOP5', 5, -0.1513),
    ('zGOP5', 6, -0.0754),
    ('zGOP5', 7, 0.8258),
    ('zGOP5', 8, 0.3333),
    ('zGOP5', 9, -0.0793),
    ('zGOP5', 10, 1.0337),
    ('zGOP6', 1, -0.6021),
    ('zGOP6', 2, 0.1277),
    ('zGOP6', 3, -0.2994),
    ('zGOP6', 4, 0.0551),
    ('zGOP6', 5, 0.2664),
    ('zGOP6', 6, -0.4837),
    ('zGOP6', 7, -0.1493),
    ('zGOP6', 8, 0.1478),
    ('zGOP6', 9, 0.5757),
    ('zGOP6', 10, 0.4379),
    ('zGOP7', 1, -0.1778),
    ('zGOP7', 2, -0.9908),
    ('zGOP7', 3, -0.8135),
    ('zGOP7', 4, 0.233),
    ('zGOP7', 5, -0.1464),
    ('zGOP7', 6, 0.0851),
    ('zGOP7', 7, 0.236),
    ('zGOP7', 8, 0.9657),
    ('zGOP7', 9, 0.3877),
    ('zGOP7', 10, 0.9297),
    ('zGOP8', 1, -0.7705),
    ('zGOP8', 2, -0.2343),
    ('zGOP8', 3, -0.3477),
    ('zGOP8', 4, -1.0279),
    ('zGOP8', 5, -0.572),
    ('zGOP8', 6, 0.6932),
    ('zGOP8', 7, 0.1564),
    ('zGOP8', 8, 0.2632),
    ('zGOP8', 9, 0.5845),
    ('zGOP8', 10, 0.5142),
    ('zGOP9', 1, 0.1964),
    ('zGOP9', 2, -0.5763),
    ('zGOP9', 3, 0.0446),
    ('zGOP9', 4, 1.363),
    ('zGOP9', 5, -0.0369),
    ('zGOP9', 6, -0.4206),
    ('zGOP9', 7, 0.9004),
    ('zGOP9', 8, 0.2931),
    ('zGOP9', 9, -0.5885),
    ('zGOP9', 10, 0.1112),
    ('zGOP10', 1, -0.3176),
    ('zGOP10', 2, 0.7097),
    ('zGOP10', 3, 0.4794),
    ('zGOP10', 4, -0.8491),
    ('zGOP10', 5, -0.2762),
    ('zGOP10', 6, 0.4546),
    ('zGOP10', 7, -0.4476),
    ('zGOP10', 8, -0.8232),
    ('zGOP10', 9, 0.3467),
    ('zGOP10', 10, -0.4787),
    ('zGOP11', 1, 0.5922),
    ('zGOP11', 2, 0.291),
    ('zGOP11', 3, 1.1052),
    ('zGOP11', 4, 0.6792),
    ('zGOP11', 5, 0.0203),
    ('zGOP11', 6, -0.5188),
    ('zGOP11', 7, -0.4748),
    ('zGOP11', 8, 0.0904),
    ('zGOP11', 9, -0.7155),
    ('zGOP11', 10, -1.192),
    ('zGOP12', 1, -0.0166),
    ('zGOP12', 2, 0.3879),
    ('zGOP12', 3, 0.9236),
    ('zGOP12', 4, -0.8652),
    ('zGOP12', 5, -0.687),
    ('zGOP12', 6, 0.6888),
    ('zGOP12', 7, -0.2467),
    ('zGOP12', 8, -0.4652),
    ('zGOP12', 9, -0.1536),
    ('zGOP12', 10, -0.8748);

-- ── BIBD DESIGNS ─────────────────────────────────────────────────────────────
-- Fixed platform designs. Same for every respondent in the same party block.
-- Generated from canonical parameters: DEM(10,4,10) GOP(12,4,12), seed=2024.

CREATE TABLE IF NOT EXISTS typing_bibd_dem (
    task_num  INTEGER NOT NULL,
    position  INTEGER NOT NULL,
    item_num  INTEGER NOT NULL,
    PRIMARY KEY (task_num, position)
);
-- DEM: 10 items, 4 per task, 10 tasks
INSERT INTO typing_bibd_dem VALUES
    (1,1,9),
    (1,2,7),
    (1,3,2),
    (1,4,8),
    (2,1,1),
    (2,2,6),
    (2,3,3),
    (2,4,2),
    (3,1,10),
    (3,2,5),
    (3,3,2),
    (3,4,1),
    (4,1,9),
    (4,2,1),
    (4,3,10),
    (4,4,4),
    (5,1,6),
    (5,2,9),
    (5,3,4),
    (5,4,5),
    (6,1,6),
    (6,2,8),
    (6,3,7),
    (6,4,1),
    (7,1,7),
    (7,2,3),
    (7,3,4),
    (7,4,2),
    (8,1,10),
    (8,2,6),
    (8,3,7),
    (8,4,5),
    (9,1,3),
    (9,2,8),
    (9,3,4),
    (9,4,5),
    (10,1,9),
    (10,2,8),
    (10,3,10),
    (10,4,3);

CREATE TABLE IF NOT EXISTS typing_bibd_gop (
    task_num  INTEGER NOT NULL,
    position  INTEGER NOT NULL,
    item_num  INTEGER NOT NULL,
    PRIMARY KEY (task_num, position)
);
-- GOP: 12 items, 4 per task, 12 tasks
INSERT INTO typing_bibd_gop VALUES
    (1,1,1),
    (1,2,2),
    (1,3,4),
    (1,4,8),
    (2,1,7),
    (2,2,2),
    (2,3,10),
    (2,4,8),
    (3,1,9),
    (3,2,12),
    (3,3,4),
    (3,4,10),
    (4,1,2),
    (4,2,3),
    (4,3,9),
    (4,4,5),
    (5,1,2),
    (5,2,12),
    (5,3,11),
    (5,4,6),
    (6,1,3),
    (6,2,1),
    (6,3,12),
    (6,4,7),
    (7,1,6),
    (7,2,1),
    (7,3,7),
    (7,4,9),
    (8,1,4),
    (8,2,11),
    (8,3,7),
    (8,4,5),
    (9,1,8),
    (9,2,5),
    (9,3,6),
    (9,4,12),
    (10,1,5),
    (10,2,10),
    (10,3,11),
    (10,4,1),
    (11,1,6),
    (11,2,3),
    (11,3,10),
    (11,4,4),
    (12,1,8),
    (12,2,3),
    (12,3,11),
    (12,4,9);